ds,yhat,yhat_lower,yhat_upper
2026-10-09,65.73391943212265,65.19638299436286,66.31307946315515
2026-10-10,65.76733781685604,65.22167049584137,66.29637479044551
2026-10-11,65.80075620158945,65.24116208254546,66.3734378509041
2026-10-12,65.83417458632286,65.2800631330176,66.4251539263546
2026-10-13,65.86759297105628,65.33940896890093,66.42316366540807
2026-10-14,65.90101135578968,65.340005152569,66.44405257676677
2026-10-15,65.9344297405231,65.37452614457678,66.49492092251604
2026-10-16,65.9678481252565,65.4342406775595,66.48564260450715
2026-10-17,66.00126650998992,65.40939147078889,66.5317390187322
2026-10-18,66.03468489472333,65.47330670586673,66.58419738429627
2026-10-19,66.06810327945672,65.54143926659259,66.61101087477206
2026-10-20,66.10152166419014,65.50217572629636,66.6196669708153
2026-10-21,66.13494004892354,65.57585287400072,66.73163509051936
2026-10-22,66.16835843365696,65.60683735022431,66.74465338491531
2026-10-23,66.20177681839037,65.60747292934752,66.75173143912788
2026-10-24,66.23519520312378,65.62545900650214,66.82924108925963
2026-10-25,66.26861358785717,65.69891770158317,66.85263161014936
2026-10-26,66.30203197259058,65.6953342108655,66.86603471215558
2026-10-27,66.335450357324,65.72275346928248,66.92931822371166
2026-10-28,66.3688687420574,65.8120078369262,66.97446516688454
2026-10-29,66.40228712679082,65.79381064012884,67.00539684179293
2026-10-30,66.43570551152423,65.83811352142756,67.07514871064551
2026-10-31,66.46912389625764,65.83100894811673,67.06360350411309
2026-11-01,66.50254228099105,65.85547910284093,67.1611978776631
2026-11-02,66.53596066572445,65.91695621444207,67.1151221719779
2026-11-03,66.56937905045787,65.94381538513097,67.21622634526173
2026-11-04,66.60279743519126,65.96381509898085,67.21923183440619
2026-11-05,66.63621581992469,65.98624417995427,67.29121646971386
2026-11-06,66.6696342046581,66.05260088152268,67.34808509740367
2026-11-07,66.7030525893915,66.06496622651821,67.36075366968896
2026-11-08,66.73647097412491,66.05723499339493,67.38308013902486
2026-11-09,66.76988935885834,66.12622725570938,67.42169649687924
2026-11-10,66.80330774359173,66.10270547779734,67.4647183536929
2026-11-11,66.83672612832513,66.19111182363392,67.58980555884833
2026-11-12,66.87014451305855,66.1359353051381,67.58370487632939
2026-11-13,66.90356289779196,66.1932311621445,67.62537785547703
2026-11-14,66.93698128252537,66.22612179887848,67.72771733439943
2026-11-15,66.97039966725877,66.19871244447532,67.69735489333686
2026-11-16,67.00381805199218,66.14866387895299,67.73278199412557
2026-11-17,67.03723643672559,66.29341574035683,67.84239951199095
2026-11-18,67.070654821459,66.2818827293632,67.85036468995632
2026-11-19,67.10407320619241,66.31591023055229,67.87503310349938
2026-11-20,67.13749159092582,66.30149294013226,67.96817018042617
2026-11-21,67.17090997565923,66.35663340412498,68.04647362325726
2026-11-22,67.20432836039264,66.3605996818187,68.12457591824487
2026-11-23,67.23774674512606,66.36141595960895,68.08665160562045
2026-11-24,67.27116512985945,66.35446567324922,68.18629566959957
2026-11-25,67.30458351459285,66.43159462791009,68.22326362449462
2026-11-26,67.33800189932627,66.43589326451338,68.28143827812947
2026-11-27,67.37142028405968,66.435049344672,68.31853276263163
2026-11-28,67.40483866879309,66.44107273570935,68.4178073581906
2026-11-29,67.4382570535265,66.51187139379478,68.40407599906213
2026-11-30,67.47167543825992,66.50193054092577,68.45914839586138
2026-12-01,67.50509382299332,66.45796162469887,68.53929723505584
2026-12-02,67.53851220772673,66.43663464079512,68.60058435267808
2026-12-03,67.57193059246013,66.49795775057603,68.63799277720126
2026-12-04,67.60534897719354,66.52656143656685,68.6995716025067
2026-12-05,67.63876736192695,66.53260052339907,68.7999400628744
2026-12-06,67.67218574666036,66.52687990765224,68.78918242836409
2026-12-07,67.70560413139378,66.56916283899405,68.77204305468855
2026-12-08,67.73902251612718,66.53375099352371,68.94132561546797
2026-12-09,67.7724409008606,66.55175043410348,68.88652046613214
2026-12-10,67.80585928559401,66.51695454885025,69.01301157229877
2026-12-11,67.8392776703274,66.58076811258285,69.0315141075875
2026-12-12,67.87269605506081,66.55242602812929,69.1356121921238
2026-12-13,67.90611443979422,66.52235005821774,69.26120220038815
2026-12-14,67.93953282452765,66.57142690597766,69.28583331870975
2026-12-15,67.97295120926104,66.61651141931591,69.42583596342095
2026-12-16,68.00636959399445,66.49473508906206,69.43295727890388
2026-12-17,68.03978797872786,66.57797424395669,69.5612651390326
2026-12-18,68.07320636346127,66.58821192336897,69.61277684740884
2026-12-19,68.10662474819468,66.5810210396995,69.61325283045574
2026-12-20,68.14004313292808,66.59691090042001,69.52836545254972
2026-12-21,68.17346151766151,66.64889533346565,69.87432712944681
2026-12-22,68.2068799023949,66.58729894516978,69.797851488115
2026-12-23,68.24029828712833,66.6238908924258,69.83126251196279
2026-12-24,68.27371667186173,66.68275956564847,69.96017316584606
2026-12-25,68.30713505659513,66.6284142340089,69.9413875159617
2026-12-26,68.34055344132854,66.54040564548724,70.02991345007138
2026-12-27,68.37397182606195,66.61128793375052,70.14537825151011
2026-12-28,68.40739021079537,66.62363027953504,70.26266600816356
2026-12-29,68.44080859552876,66.69016927446255,70.11630966087773
2026-12-30,68.47422698026219,66.51924418301898,70.34913816729336
2026-12-31,68.5076453649956,66.60947163014922,70.38753538518581
2027-01-01,68.54106374972899,66.57670757131265,70.54307491324077
2027-01-02,68.57448213446241,66.64549829602387,70.56343443716503
2027-01-03,68.60790051919581,66.62238131764545,70.59561527881316
2027-01-04,68.64131890392923,66.52713812084424,70.58951600959972
2027-01-05,68.67473728866263,66.84153250342116,70.76941961178677
2027-01-06,68.70815567339605,66.60121679475562,70.6315568409111
