generated_on,ds,yhat,yhat_lower,yhat_upper
2026-07-23,2026-07-23,33.473495027579084,33.27545048265673,33.67153957250144
2026-07-23,2026-07-24,33.410128496292074,33.2122484210263,33.608008571557846
2026-07-23,2026-07-27,33.42785681471169,33.14773591454123,33.70797771488215
2026-07-23,2026-07-28,33.44558495526063,33.10217029569085,33.78899961483041
2026-07-23,2026-07-29,33.46331291794068,33.06638181799607,33.860244017885286
2026-07-23,2026-07-30,33.48104070275362,33.03682254392955,33.92525886157768
2026-07-23,2026-07-31,33.498768309701234,33.0116747901254,33.98586182927707
2026-07-23,2026-08-03,33.51649573878531,32.98985989165659,34.043131585914026
2026-07-23,2026-08-04,33.534222990007635,32.970675766202184,34.097770213813085
2026-07-23,2026-08-05,33.551950063369986,32.95363525027398,34.15026487646599
2026-07-23,2026-08-06,33.569676958874155,32.93838401052354,34.20096990722477
2026-07-23,2026-08-07,33.58740367652192,32.924654831572965,34.25015252147088
2026-07-23,2026-08-10,33.605130216315075,32.91224032973738,34.29802010289277
2026-07-23,2026-08-11,33.622856578255394,32.900975755836,34.34473740067479
2026-07-23,2026-08-12,33.640582762344664,32.890727671767955,34.39043785292137
2026-07-23,2026-08-13,33.658308768584675,32.88138622096627,34.43523131620308
2026-07-23,2026-08-14,33.6760345969772,32.87285969012738,34.47920950382703
2026-07-23,2026-08-17,33.69376024752404,32.86507058325724,34.52244991179084
2026-07-23,2026-08-18,33.71148572022697,32.85795272390087,34.56501871655306
2026-07-23,2026-08-19,33.72921101508777,32.85144907454377,34.60697295563177
2026-07-23,2026-08-20,33.74693613210823,32.845510067573976,34.64836219664249
2026-07-23,2026-08-21,33.764661071290135,32.84009230841358,34.68922983416669
2026-07-23,2026-08-24,33.78238583263527,32.835157554198915,34.729614111071626
2026-07-23,2026-08-25,33.800110416145415,32.83067189969714,34.76954893259369
2026-07-23,2026-08-26,33.81783482182235,32.8266051212978,34.8090645223469
2026-07-23,2026-08-27,33.83555904966787,32.822930143129625,34.84818795620612
2026-07-23,2026-08-28,33.85328309968376,32.819622598630176,34.88694360073734
2026-07-23,2026-08-31,33.87100697187179,32.81666046751688,34.925353476226704
2026-07-23,2026-09-01,33.88873066623376,32.81402377290161,34.96343755956591
2026-07-23,2026-09-02,33.90645418277145,32.811694326809786,35.00121403873311
2026-07-23,2026-09-03,33.924177521486634,32.80965551497941,35.038699527993856
2026-07-23,2026-09-04,33.9419006823811,32.807892113780255,35.07590925098195
2026-07-23,2026-09-07,33.95962366545664,32.80639013358592,35.11285719732736
2026-07-23,2026-09-08,33.977346470715034,32.80513668407607,35.149556257354
2026-07-23,2026-09-09,33.99506909815806,32.80411985783214,35.18601833848398
2026-07-23,2026-09-10,34.012791547787515,32.8033286292815,35.22225446629353
2026-07-23,2026-09-11,34.030513819605176,32.802752766589045,35.25827487262131
2026-07-23,2026-09-14,34.04823591361282,32.8023827545268,35.294089072698846
2026-07-23,2026-09-15,34.06595782981224,32.80220972669639,35.32970593292809
2026-07-23,2026-09-16,34.08367956820522,32.802225405755976,35.36513373065446
2026-07-23,2026-09-17,34.10140112879354,32.80242205052692,35.40038020706016
2026-07-23,2026-09-18,34.119122511578986,32.802792409037735,35.43545261412024
2026-07-23,2026-09-21,34.13684371656334,32.803329676711364,35.47035775641532
2026-07-23,2026-09-22,34.15456474374839,32.804027459024454,35.50510202847232
2026-07-23,2026-09-23,34.17228559313591,32.80487973806829,35.539691448203534
2026-07-23,2026-09-24,34.1900062647277,32.80588084252506,35.574131686930336
2026-07-23,2026-09-25,34.20772675852553,32.80702542064316,35.608428096407906
2026-07-23,2026-09-28,34.22544707453119,32.80830841585375,35.64258573320863
2026-07-23,2026-09-29,34.243167212746464,32.809725044720324,35.676609380772604
2026-07-23,2026-09-30,34.26088717317313,32.811270776954395,35.71050356939187
2026-07-23,2026-10-01,34.27860695581298,32.81294131726594,35.74427259436003
2026-07-23,2026-10-02,34.296326560667794,32.814732588847164,35.77792053248842
2026-07-23,2026-10-05,34.314045987739355,32.81664071831367,35.81145125716504
2026-07-23,2026-10-06,34.331765237029444,32.81866202194914,35.84486845210975
2026-07-23,2026-10-07,34.34948430853985,32.82079299311853,35.87817562396117
2026-07-23,2026-10-08,34.36720320227236,32.82303029073079,35.91137611381392
2026-07-23,2026-10-09,34.38492191822875,32.82537072864635,35.94447310781115
2026-07-23,2026-10-12,34.4026404564108,32.827811265936646,35.97746964688496
2026-07-23,2026-10-13,34.420358816820304,32.83034899791359,36.01036863572702
2026-07-23,2026-10-14,34.43807699945904,32.83298114785592,36.04317285106217
2026-07-23,2026-10-15,34.4557950043288,32.83570505936763,36.07588494928997
2026-07-23,2026-10-16,34.47351283143136,32.83851818931049,36.10850747355222
2026-07-23,2026-10-19,34.49123048076849,32.84141810125885,36.14104286027813
2026-07-23,2026-10-20,34.508947952342,32.84440245943064,36.17349344525336
2026-07-23,2026-10-21,34.526665246153655,32.84746902305267,36.20586146925464
2026-07-24,2026-07-27,33.46662426502606,33.268990989606046,33.66425754044608
2026-07-24,2026-07-28,33.48464831514768,33.204872859740235,33.764423770555126
2026-07-24,2026-07-29,33.50267215036742,33.15967617788954,33.8456681228453
2026-07-24,2026-07-30,33.52069577068783,33.1242430470694,33.91714849430626
2026-07-24,2026-07-31,33.53871917611148,33.09503016826916,33.982408183953794
2026-07-24,2026-08-03,33.556742366640925,33.07022226075906,34.04326247252279
2026-07-24,2026-08-04,33.57476534227874,33.048742100635934,34.10078858392154
2026-07-24,2026-08-05,33.59278810302747,33.029888553299706,34.15568765275524
2026-07-24,2026-08-06,33.6108106488897,33.0131751195982,34.20844617818119
2026-07-24,2026-08-07,33.62883297986797,32.99824795423855,34.259418005497395
2026-07-24,2026-08-10,33.64685509596486,32.98484021354335,34.30886997838637
2026-07-24,2026-08-11,33.66487699718292,32.97274480511104,34.3570091892548
2026-07-24,2026-08-12,33.68289868352472,32.96179721338184,34.4040001536676
2026-07-24,2026-08-13,33.700920154992815,32.95186419126536,34.44997611872027
2026-07-24,2026-08-14,33.71894141158977,32.94283604091597,34.495046782263564
2026-07-24,2026-08-17,33.73696245331814,32.934621182757155,34.53930372387913
2026-07-24,2026-08-18,33.754983280180504,32.92714223481742,34.58282432554359
2026-07-24,2026-08-19,33.77300389217941,32.92033311888174,34.62567466547708
2026-07-24,2026-08-20,33.79102428931742,32.9141368828575,34.66791169577734
2026-07-24,2026-08-21,33.8090444715971,32.90850403401547,34.70958490917872
2026-07-24,2026-08-24,33.82706443902101,32.90339124389997,34.75073763414205
2026-07-24,2026-08-25,33.84508419159171,32.898760328415825,34.791408054767594
2026-07-24,2026-08-26,33.86310372931177,32.89457743487126,34.831630023752275
2026-07-24,2026-08-27,33.88112305218374,32.89081238688088,34.8714337174866
2026-07-24,2026-08-28,33.89914216021019,32.88743815122745,34.91084616919293
2026-07-24,2026-08-31,33.91716105339368,32.88443040004598,34.949891706741376
2026-07-24,2026-09-01,33.93517973173677,32.88176714830565,34.988592315167885
2026-07-24,2026-09-02,33.95319819524202,32.879428451352446,35.02696793913159
2026-07-24,2026-09-03,33.97121644391199,32.87739615078945,35.06503673703453
2026-07-24,2026-09-04,33.98923447774925,32.87565365958258,35.10281529591592
2026-07-24,2026-09-07,34.00725229675636,32.87418577924181,35.1403188142709
2026-07-24,2026-09-08,34.025269900935875,32.872978543418284,35.177561258453466
2026-07-24,2026-09-09,34.04328729029036,32.872019083400936,35.21455549717978
2026-07-24,2026-09-10,34.06130446482238,32.87129551188091,35.251313417763846
2026-07-24,2026-09-11,34.079321424534484,32.8707968220427,35.28784602702627
2026-07-24,2026-09-14,34.09733816942925,32.87051279958446,35.32416353927404
2026-07-24,2026-09-15,34.115354699509226,32.87043394570079,35.36027545331766
2026-07-24,2026-09-16,34.133371014776976,32.87055140940496,35.39619062014899
2026-07-24,2026-09-17,34.15138711523507,32.87085692784424,35.4319173026259
2026-07-24,2026-09-18,34.16940300088606,32.87134277348512,35.467463228286995
2026-07-24,2026-09-21,34.18741867173251,32.87200170722722,35.5028356362378
2026-07-24,2026-09-22,34.205434127776975,32.87282693665313,35.538041318900824
2026-07-24,2026-09-23,34.22344936902203,32.873812078743775,35.57308665930028
2026-07-24,2026-09-24,34.241464395470224,32.87495112648982,35.60797766445063
2026-07-24,2026-09-25,34.25947920712412,32.87623841891333,35.642719995334915
2026-07-24,2026-09-28,34.27749380398629,32.87766861408421,35.67731899388837
2026-07-24,2026-09-29,34.29550818605928,32.87923666477392,35.71177970734464
2026-07-24,2026-09-30,34.313522353345654,32.88093779643884,35.74610691025247
2026-07-24,2026-10-01,34.331536305847976,32.88276748726666,35.78030512442929
2026-07-24,2026-10-02,34.34955004356881,32.88472145005491,35.81437863708271
2026-07-24,2026-10-05,34.36756356651071,32.8867956157202,35.84833151730122
2026-07-24,2026-10-06,34.38557687467625,32.8889861182629,35.882167631089594
2026-07-24,2026-10-07,34.40358996806797,32.891289281033245,35.91589065510269
2026-07-24,2026-10-08,34.421602846688444,32.89370160416429,35.9495040892126
2026-07-24,2026-10-09,34.43961551054024,32.896219753052726,35.983011268027745
2026-07-24,2026-10-12,34.457627959625896,32.89884054778312,36.016415371468675
2026-07-24,2026-10-13,34.47564019394799,32.901560953402885,36.04971943449309
2026-07-24,2026-10-14,34.49365221350908,32.90437807096599,36.08292635605217
2026-07-24,2026-10-15,34.51166401831173,32.90728912927253,36.11603890735093
2026-07-24,2026-10-16,34.52967560835849,32.91029147723937,36.14905973947761
2026-07-24,2026-10-19,34.54768698365193,32.91338257684406,36.1819913904598
2026-07-24,2026-10-20,34.565698144194606,32.916559996590216,36.214836291799
2026-07-24,2026-10-21,34.58370908998908,32.91982140544828,36.24759677452988
2026-07-24,2026-10-22,34.60171982103791,32.92316456723006,36.28027507484576
2026-07-25,2026-07-27,33.46662426502606,33.268990989606046,33.66425754044608
2026-07-25,2026-07-28,33.48464831514768,33.204872859740235,33.764423770555126
2026-07-25,2026-07-29,33.50267215036742,33.15967617788954,33.8456681228453
2026-07-25,2026-07-30,33.52069577068783,33.1242430470694,33.91714849430626
2026-07-25,2026-07-31,33.53871917611148,33.09503016826916,33.982408183953794
2026-07-25,2026-08-03,33.556742366640925,33.07022226075906,34.04326247252279
2026-07-25,2026-08-04,33.57476534227874,33.048742100635934,34.10078858392154
2026-07-25,2026-08-05,33.59278810302747,33.029888553299706,34.15568765275524
2026-07-25,2026-08-06,33.6108106488897,33.0131751195982,34.20844617818119
2026-07-25,2026-08-07,33.62883297986797,32.99824795423855,34.259418005497395
2026-07-25,2026-08-10,33.64685509596486,32.98484021354335,34.30886997838637
2026-07-25,2026-08-11,33.66487699718292,32.97274480511104,34.3570091892548
2026-07-25,2026-08-12,33.68289868352472,32.96179721338184,34.4040001536676
2026-07-25,2026-08-13,33.700920154992815,32.95186419126536,34.44997611872027
2026-07-25,2026-08-14,33.71894141158977,32.94283604091597,34.495046782263564
2026-07-25,2026-08-17,33.73696245331814,32.934621182757155,34.53930372387913
2026-07-25,2026-08-18,33.754983280180504,32.92714223481742,34.58282432554359
2026-07-25,2026-08-19,33.77300389217941,32.92033311888174,34.62567466547708
2026-07-25,2026-08-20,33.79102428931742,32.9141368828575,34.66791169577734
2026-07-25,2026-08-21,33.8090444715971,32.90850403401547,34.70958490917872
2026-07-25,2026-08-24,33.82706443902101,32.90339124389997,34.75073763414205
2026-07-25,2026-08-25,33.84508419159171,32.898760328415825,34.791408054767594
2026-07-25,2026-08-26,33.86310372931177,32.89457743487126,34.831630023752275
2026-07-25,2026-08-27,33.88112305218374,32.89081238688088,34.8714337174866
2026-07-25,2026-08-28,33.89914216021019,32.88743815122745,34.91084616919293
2026-07-25,2026-08-31,33.91716105339368,32.88443040004598,34.949891706741376
2026-07-25,2026-09-01,33.93517973173677,32.88176714830565,34.988592315167885
2026-07-25,2026-09-02,33.95319819524202,32.879428451352446,35.02696793913159
2026-07-25,2026-09-03,33.97121644391199,32.87739615078945,35.06503673703453
2026-07-25,2026-09-04,33.98923447774925,32.87565365958258,35.10281529591592
2026-07-25,2026-09-07,34.00725229675636,32.87418577924181,35.1403188142709
2026-07-25,2026-09-08,34.025269900935875,32.872978543418284,35.177561258453466
2026-07-25,2026-09-09,34.04328729029036,32.872019083400936,35.21455549717978
2026-07-25,2026-09-10,34.06130446482238,32.87129551188091,35.251313417763846
2026-07-25,2026-09-11,34.079321424534484,32.8707968220427,35.28784602702627
2026-07-25,2026-09-14,34.09733816942925,32.87051279958446,35.32416353927404
2026-07-25,2026-09-15,34.115354699509226,32.87043394570079,35.36027545331766
2026-07-25,2026-09-16,34.133371014776976,32.87055140940496,35.39619062014899
2026-07-25,2026-09-17,34.15138711523507,32.87085692784424,35.4319173026259
2026-07-25,2026-09-18,34.16940300088606,32.87134277348512,35.467463228286995
2026-07-25,2026-09-21,34.18741867173251,32.87200170722722,35.5028356362378
2026-07-25,2026-09-22,34.205434127776975,32.87282693665313,35.538041318900824
2026-07-25,2026-09-23,34.22344936902203,32.873812078743775,35.57308665930028
2026-07-25,2026-09-24,34.241464395470224,32.87495112648982,35.60797766445063
2026-07-25,2026-09-25,34.25947920712412,32.87623841891333,35.642719995334915
2026-07-25,2026-09-28,34.27749380398629,32.87766861408421,35.67731899388837
2026-07-25,2026-09-29,34.29550818605928,32.87923666477392,35.71177970734464
2026-07-25,2026-09-30,34.313522353345654,32.88093779643884,35.74610691025247
2026-07-25,2026-10-01,34.331536305847976,32.88276748726666,35.78030512442929
2026-07-25,2026-10-02,34.34955004356881,32.88472145005491,35.81437863708271
2026-07-25,2026-10-05,34.36756356651071,32.8867956157202,35.84833151730122
2026-07-25,2026-10-06,34.38557687467625,32.8889861182629,35.882167631089594
2026-07-25,2026-10-07,34.40358996806797,32.891289281033245,35.91589065510269
2026-07-25,2026-10-08,34.421602846688444,32.89370160416429,35.9495040892126
2026-07-25,2026-10-09,34.43961551054024,32.896219753052726,35.983011268027745
2026-07-25,2026-10-12,34.457627959625896,32.89884054778312,36.016415371468675
2026-07-25,2026-10-13,34.47564019394799,32.901560953402885,36.04971943449309
2026-07-25,2026-10-14,34.49365221350908,32.90437807096599,36.08292635605217
2026-07-25,2026-10-15,34.51166401831173,32.90728912927253,36.11603890735093
2026-07-25,2026-10-16,34.52967560835849,32.91029147723937,36.14905973947761
2026-07-25,2026-10-19,34.54768698365193,32.91338257684406,36.1819913904598
2026-07-25,2026-10-20,34.565698144194606,32.916559996590216,36.214836291799
2026-07-25,2026-10-21,34.58370908998908,32.91982140544828,36.24759677452988
2026-07-25,2026-10-22,34.60171982103791,32.92316456723006,36.28027507484576
2026-07-26,2026-07-27,33.46662426502606,33.268990989606046,33.66425754044608
2026-07-26,2026-07-28,33.48464831514768,33.204872859740235,33.764423770555126
2026-07-26,2026-07-29,33.50267215036742,33.15967617788954,33.8456681228453
2026-07-26,2026-07-30,33.52069577068783,33.1242430470694,33.91714849430626
2026-07-26,2026-07-31,33.53871917611148,33.09503016826916,33.982408183953794
2026-07-26,2026-08-03,33.556742366640925,33.07022226075906,34.04326247252279
2026-07-26,2026-08-04,33.57476534227874,33.048742100635934,34.10078858392154
2026-07-26,2026-08-05,33.59278810302747,33.029888553299706,34.15568765275524
2026-07-26,2026-08-06,33.6108106488897,33.0131751195982,34.20844617818119
2026-07-26,2026-08-07,33.62883297986797,32.99824795423855,34.259418005497395
2026-07-26,2026-08-10,33.64685509596486,32.98484021354335,34.30886997838637
2026-07-26,2026-08-11,33.66487699718292,32.97274480511104,34.3570091892548
2026-07-26,2026-08-12,33.68289868352472,32.96179721338184,34.4040001536676
2026-07-26,2026-08-13,33.700920154992815,32.95186419126536,34.44997611872027
2026-07-26,2026-08-14,33.71894141158977,32.94283604091597,34.495046782263564
2026-07-26,2026-08-17,33.73696245331814,32.934621182757155,34.53930372387913
2026-07-26,2026-08-18,33.754983280180504,32.92714223481742,34.58282432554359
2026-07-26,2026-08-19,33.77300389217941,32.92033311888174,34.62567466547708
2026-07-26,2026-08-20,33.79102428931742,32.9141368828575,34.66791169577734
2026-07-26,2026-08-21,33.8090444715971,32.90850403401547,34.70958490917872
2026-07-26,2026-08-24,33.82706443902101,32.90339124389997,34.75073763414205
2026-07-26,2026-08-25,33.84508419159171,32.898760328415825,34.791408054767594
2026-07-26,2026-08-26,33.86310372931177,32.89457743487126,34.831630023752275
2026-07-26,2026-08-27,33.88112305218374,32.89081238688088,34.8714337174866
2026-07-26,2026-08-28,33.89914216021019,32.88743815122745,34.91084616919293
2026-07-26,2026-08-31,33.91716105339368,32.88443040004598,34.949891706741376
2026-07-26,2026-09-01,33.93517973173677,32.88176714830565,34.988592315167885
2026-07-26,2026-09-02,33.95319819524202,32.879428451352446,35.02696793913159
2026-07-26,2026-09-03,33.97121644391199,32.87739615078945,35.06503673703453
2026-07-26,2026-09-04,33.98923447774925,32.87565365958258,35.10281529591592
2026-07-26,2026-09-07,34.00725229675636,32.87418577924181,35.1403188142709
2026-07-26,2026-09-08,34.025269900935875,32.872978543418284,35.177561258453466
2026-07-26,2026-09-09,34.04328729029036,32.872019083400936,35.21455549717978
2026-07-26,2026-09-10,34.06130446482238,32.87129551188091,35.251313417763846
2026-07-26,2026-09-11,34.079321424534484,32.8707968220427,35.28784602702627
2026-07-26,2026-09-14,34.09733816942925,32.87051279958446,35.32416353927404
2026-07-26,2026-09-15,34.115354699509226,32.87043394570079,35.36027545331766
2026-07-26,2026-09-16,34.133371014776976,32.87055140940496,35.39619062014899
2026-07-26,2026-09-17,34.15138711523507,32.87085692784424,35.4319173026259
2026-07-26,2026-09-18,34.16940300088606,32.87134277348512,35.467463228286995
2026-07-26,2026-09-21,34.18741867173251,32.87200170722722,35.5028356362378
2026-07-26,2026-09-22,34.205434127776975,32.87282693665313,35.538041318900824
2026-07-26,2026-09-23,34.22344936902203,32.873812078743775,35.57308665930028
2026-07-26,2026-09-24,34.241464395470224,32.87495112648982,35.60797766445063
2026-07-26,2026-09-25,34.25947920712412,32.87623841891333,35.642719995334915
2026-07-26,2026-09-28,34.27749380398629,32.87766861408421,35.67731899388837
2026-07-26,2026-09-29,34.29550818605928,32.87923666477392,35.71177970734464
2026-07-26,2026-09-30,34.313522353345654,32.88093779643884,35.74610691025247
2026-07-26,2026-10-01,34.331536305847976,32.88276748726666,35.78030512442929
2026-07-26,2026-10-02,34.34955004356881,32.88472145005491,35.81437863708271
2026-07-26,2026-10-05,34.36756356651071,32.8867956157202,35.84833151730122
2026-07-26,2026-10-06,34.38557687467625,32.8889861182629,35.882167631089594
2026-07-26,2026-10-07,34.40358996806797,32.891289281033245,35.91589065510269
2026-07-26,2026-10-08,34.421602846688444,32.89370160416429,35.9495040892126
2026-07-26,2026-10-09,34.43961551054024,32.896219753052726,35.983011268027745
2026-07-26,2026-10-12,34.457627959625896,32.89884054778312,36.016415371468675
2026-07-26,2026-10-13,34.47564019394799,32.901560953402885,36.04971943449309
2026-07-26,2026-10-14,34.49365221350908,32.90437807096599,36.08292635605217
2026-07-26,2026-10-15,34.51166401831173,32.90728912927253,36.11603890735093
2026-07-26,2026-10-16,34.52967560835849,32.91029147723937,36.14905973947761
2026-07-26,2026-10-19,34.54768698365193,32.91338257684406,36.1819913904598
2026-07-26,2026-10-20,34.565698144194606,32.916559996590216,36.214836291799
2026-07-26,2026-10-21,34.58370908998908,32.91982140544828,36.24759677452988
2026-07-26,2026-10-22,34.60171982103791,32.92316456723006,36.28027507484576
2026-07-27,2026-07-28,33.470988865345184,33.27304840865175,33.668929322038615
2026-07-27,2026-07-29,33.489177673853064,33.20897889574909,33.76937645195704
2026-07-27,2026-07-30,33.50736642552381,33.16386561404278,33.85086723700485
2026-07-27,2026-07-31,33.525555120357616,33.12853522661092,33.92257501410431
2026-07-27,2026-08-03,33.543743758354644,33.099438305089144,33.988049211620144
2026-07-27,2026-08-04,33.561932339515074,33.074756353116484,34.049108325913664
2026-07-27,2026-08-05,33.58012086383909,33.05341019495221,34.10683153272598
2026-07-27,2026-08-06,33.59830933132687,33.034697397713416,34.16192126494032
2026-07-27,2026-08-07,33.616497741978584,33.018130542323945,34.21486494163322
2026-07-27,2026-08-10,33.634686095794414,33.00335510069387,34.26601709089496
2026-07-27,2026-08-11,33.65287439277454,32.99010370400658,34.315645081542506
2026-07-27,2026-08-12,33.67106263291914,32.978168844456256,34.36395642138202
2026-07-27,2026-08-13,33.68925081622838,32.96738567030571,34.41111596215105
2026-07-27,2026-08-14,33.70743894270245,32.95762065722645,34.457257228178456
2026-07-27,2026-08-17,33.725627012341526,32.94876387508977,34.502490149593285
2026-07-27,2026-08-18,33.743815025145786,32.94072354705702,34.54690650323455
2026-07-27,2026-08-19,33.7620029811154,32.93342212167567,34.590583840555134
2026-07-27,2026-08-20,33.78019088025056,32.926793373636535,34.63358838686458
2026-07-27,2026-08-21,33.798378722551426,32.920780222042666,34.67597722306019
2026-07-27,2026-08-24,33.816566508018184,32.9153330604857,34.71779995555067
2026-07-27,2026-08-25,33.834754236651015,32.910408459474574,34.75910001382746
2026-07-27,2026-08-26,33.85294190845009,32.90596814455075,34.799915672349435
2026-07-27,2026-08-27,33.87112952341559,32.90197818174548,34.8402808650857
2026-07-27,2026-08-28,33.889317081547695,32.898408321193806,34.880225841901584
2026-07-27,2026-08-31,33.90750458284658,32.89523146293817,34.919777702754985
2026-07-27,2026-09-01,33.925692027312415,32.89242321823608,34.95896083638875
2026-07-27,2026-09-02,33.94387941494539,32.889961546310126,34.99779728358066
2026-07-27,2026-09-03,33.96206674574568,32.88782645127484,35.03630704021652
2026-07-27,2026-09-04,33.980254019713456,32.88599972749528,35.07450831193163
2026-07-27,2026-09-07,33.998441236848905,32.88446474424801,35.1124177294498
2026-07-27,2026-09-08,34.0166283971522,32.88320626252073,35.15005053178366
2026-07-27,2026-09-09,34.03481550062351,32.882210278280446,35.18742072296657
2026-07-27,2026-09-10,34.05300254726303,32.88146388768485,35.2245412068412
2026-07-27,2026-09-11,34.07118953707092,32.88095517059827,35.26142390354357
2026-07-27,2026-09-14,34.08937647004737,32.88067308946543,35.29807985062931
2026-07-27,2026-09-15,34.10756334619256,32.880607401140864,35.33451929124425
2026-07-27,2026-09-16,34.12575016550665,32.88074857970307,35.37075175131024
2026-07-27,2026-09-17,34.143936927989834,32.88108774862765,35.40678610735202
2026-07-27,2026-09-18,34.16212363364228,32.88161662097008,35.442630646314484
2026-07-27,2026-09-21,34.18031028246418,32.88232744643271,35.47829311849564
2026-07-27,2026-09-22,34.19849687445569,32.88321296437303,35.513780784538355
2026-07-27,2026-09-23,34.216683409617005,32.88426636195866,35.54910045727535
2026-07-27,2026-09-24,34.23486988794829,32.8854812367975,35.58425853909908
2026-07-27,2026-09-25,34.25305630944974,32.88685156347216,35.61926105542732
2026-07-27,2026-09-28,34.27124267412152,32.88837166349212,35.65411368475091
2026-07-27,2026-09-29,34.2894289819638,32.89003617824706,35.688821785680545
2026-07-27,2026-09-30,34.30761523297677,32.89184004460336,35.72339042135018
2026-07-27,2026-10-01,34.32580142716061,32.89377847283528,35.757824381485946
2026-07-27,2026-10-02,34.343987564515494,32.89584692662372,35.79212820240727
2026-07-27,2026-10-05,34.362173645041594,32.898041104891234,35.82630618519195
2026-07-27,2026-10-06,34.38035966873909,32.90035692527146,35.86036241220672
2026-07-27,2026-10-07,34.39854563560816,32.902790509037125,35.89430076217919
2026-07-27,2026-10-08,34.41673154564898,32.905338167332545,35.92812492396541
2026-07-27,2026-10-09,34.434917398861735,32.90799638857555,35.96183840914792
2026-07-27,2026-10-12,34.4531031952466,32.91076182690973,35.99544456358347
2026-07-27,2026-10-13,34.471288934803745,32.91363129160226,36.02894657800523
2026-07-27,2026-10-14,34.489474617533354,32.91660173729438,36.06234749777233
2026-07-27,2026-10-15,34.5076602434356,32.91967025502245,36.09565023184875
2026-07-27,2026-10-16,34.52584581251067,32.92283406393654,36.12885756108479
2026-07-27,2026-10-19,34.54403132475873,32.926090503651466,36.16197214586599
2026-07-27,2026-10-20,34.56221678017996,32.92943702717251,36.19499653318741
2026-07-27,2026-10-21,34.58040217877455,32.9328711943439,36.22793316320519
2026-07-27,2026-10-22,34.598587520542665,32.93639066577373,36.2607843753116
2026-07-27,2026-10-23,34.61677280548449,32.939993197193694,36.29355241377528
2026-07-28,2026-07-29,33.490663318531084,33.29286535961047,33.6884612774517
2026-07-28,2026-07-30,33.508826444604864,33.228818955196864,33.788833934012864
2026-07-28,2026-07-31,33.52698937822338,33.18371028662478,33.87026846982197
2026-07-28,2026-08-03,33.54515211938867,33.14837371224102,33.94193052653632
2026-07-28,2026-08-04,33.56331466810277,33.11926292214801,34.00736641405753
2026-07-28,2026-08-05,33.58147702436772,33.094561086182345,34.0683929625531
2026-07-28,2026-08-06,33.59963918818557,33.07319005701801,34.12608831935313
2026-07-28,2026-08-07,33.61780115955835,33.054448096518584,34.18115422259811
2026-07-28,2026-08-10,33.63596293848809,33.037848285055034,34.23407759192115
2026-07-28,2026-08-11,33.65412452497685,33.023036470300305,34.2852125796534
2026-07-28,2026-08-12,33.672285919026656,33.00974557614174,34.33482626191157
2026-07-28,2026-08-13,33.69044712063955,32.997768329109775,34.38312591216932
2026-07-28,2026-08-14,33.70860812981756,32.98694006927381,34.43027619036132
2026-07-28,2026-08-17,33.72676894656274,32.977127432191885,34.4764104609336
2026-07-28,2026-08-18,33.74492957087713,32.96822062306725,34.52163851868701
2026-07-28,2026-08-19,33.763090002762766,32.96012798110702,34.56605202441851
2026-07-28,2026-08-20,33.78125024222168,32.952772055483685,34.60972842895968
2026-07-28,2026-08-21,33.79941028925592,32.94608670899126,34.652733869520574
2026-07-28,2026-08-24,33.81757014386751,32.94001493852996,34.69512534920507
2026-07-28,2026-08-25,33.83572980605851,32.934507206904634,34.736952405212385
2026-07-28,2026-08-26,33.85388927583094,32.92952014661207,34.778258405049804
2026-07-28,2026-08-27,33.87204855318684,32.92501553904201,34.81908156733168
2026-07-28,2026-08-28,33.89020763812827,32.920959500812586,34.85945577544395
2026-07-28,2026-08-31,33.90836653065725,32.917321828102274,34.89941123321222
2026-07-28,2026-09-01,33.926525230775816,32.914075463046025,34.93897499850561
2026-07-28,2026-09-02,33.94468373848602,32.911196055536394,34.97817142143565
2026-07-28,2026-09-03,33.96284205378989,32.90866160038769,35.017022507192095
2026-07-28,2026-09-04,33.98100017668948,32.90645213461315,35.05554821876581
2026-07-28,2026-09-07,33.99915810718681,32.904549483081695,35.09376673129192
2026-07-28,2026-09-08,34.017315845283925,32.90293704343439,35.13169464713346
2026-07-28,2026-09-09,34.035473390982865,32.90159960310432,35.169347178861415
2026-07-28,2026-09-10,34.05363074428567,32.90052318277544,35.2067383057959
2026-07-28,2026-09-11,34.07178790519438,32.89969490176015,35.243880908628604
2026-07-28,2026-09-14,34.089944873711026,32.89910286166055,35.2807868857615
2026-07-28,2026-09-15,34.10810164983766,32.89873604536997,35.31746725430534
2026-07-28,2026-09-16,34.12625823357631,32.898584229015,35.35393223813762
2026-07-28,2026-09-17,34.14441462492901,32.898637904869574,35.39019134498845
2026-07-28,2026-09-18,34.162570823897816,32.89888821361684,35.4262534341788
2026-07-28,2026-09-21,34.18072683048475,32.899326884611035,35.46212677635847
2026-07-28,2026-09-22,34.19888264469186,32.899946183015494,35.49781910636822
2026-07-28,2026-09-23,34.21703826652117,32.90073886287442,35.533337670167924
2026-07-28,2026-09-24,34.235193695974736,32.90169812532523,35.56868926662424
2026-07-28,2026-09-25,34.25334893305459,32.90281758128041,35.60388028482877
2026-07-28,2026-09-28,34.27150397776277,32.90409121800871,35.63891673751683
2026-07-28,2026-09-29,34.28965883010132,32.90551336912989,35.67380429107274
2026-07-28,2026-09-30,34.30781349007226,32.907078687606614,35.70854829253791
2026-07-28,2026-10-01,34.325967957677655,32.90878212137625,35.74315379397906
2026-07-28,2026-10-02,34.344122232919524,32.91061889131416,35.77762557452489
2026-07-28,2026-10-05,34.36227631579991,32.91258447126203,35.81196816033779
2026-07-28,2026-10-06,34.38043020632085,32.91467456988988,35.84618584275182
2026-07-28,2026-10-07,34.39858390448439,32.916885114190315,35.880282694778465
2026-07-28,2026-10-08,34.416737410292555,32.91921223442944,35.91426258615567
2026-07-28,2026-10-09,34.434890723747394,32.92165225040047,35.94812919709432
2026-07-28,2026-10-12,34.45304384485094,32.92420165884513,35.98188603085675
2026-07-28,2026-10-13,34.47119677360524,32.92685712192395,36.01553642528652
2026-07-28,2026-10-14,34.48934951001232,32.929615456630806,36.04908356339383
2026-07-28,2026-10-15,34.50750205407422,32.932473625058925,36.08253048308952
2026-07-28,2026-10-16,34.525654405792984,32.93542872543634,36.11588008614963
2026-07-28,2026-10-19,34.54380656517065,32.9384779838579,36.1491351464834
2026-07-28,2026-10-20,34.561958532209246,32.941618746648864,36.18229831776963
2026-07-28,2026-10-21,34.58011030691082,32.94484847330222,36.21537214051941
2026-07-28,2026-10-22,34.5982618892774,32.94816472993812,36.248359048616685
2026-07-28,2026-10-23,34.61641327931104,32.951565183238955,36.28126137538312
2026-07-28,2026-10-26,34.63456447701377,32.9550475948187,36.31408135920884
2026-07-29,2026-07-30,33.47808814547745,33.28056974510838,33.67560654584652
2026-07-29,2026-07-31,33.49617621369157,33.216574987516296,33.77577743986684
2026-07-29,2026-08-03,33.514264204642686,33.17149605992258,33.85703234936279
2026-07-29,2026-08-04,33.532352118331126,33.1361791712432,33.92852506541905
2026-07-29,2026-08-05,33.55043995475722,33.10708245336766,33.99379745614679
2026-07-29,2026-08-06,33.56852771392131,33.08239128184893,34.0546641459937
2026-07-29,2026-08-07,33.58661539582371,33.061028777744326,34.1122020139031
2026-07-29,2026-08-10,33.60470300046477,33.042294002459684,34.16711199846985
2026-07-29,2026-08-11,33.62279052784479,33.02570057328418,34.2198804824054
2026-07-29,2026-08-12,33.640877977964124,33.01089471552421,34.27086124040404
2026-07-29,2026-08-13,33.658965350823095,32.99760962820584,34.320321073440354
2026-07-29,2026-08-14,33.677052646422034,32.98563824395479,34.36846704888928
2026-07-29,2026-08-17,33.695139864761266,32.97481606069444,34.415463668828096
2026-07-29,2026-08-18,33.71322700584113,32.96500983710862,34.46144417457364
2026-07-29,2026-08-19,33.73131406966195,32.95610987589735,34.50651826342655
2026-07-29,2026-08-20,33.74940105622406,32.94802459444959,34.550777517998526
2026-07-29,2026-08-21,33.767487965527785,32.94067660529975,34.59429932575582
2026-07-29,2026-08-24,33.78557479757345,32.933999823055,34.63714977209191
2026-07-29,2026-08-25,33.803661552361405,32.9279372873066,34.67938581741621
2026-07-29,2026-08-26,33.82174822989196,32.92243949625894,34.72105696352498
2026-07-29,2026-08-27,33.83983483016545,32.9174631119185,34.7622065484124
2026-07-29,2026-08-28,33.85792135318221,32.91296994038241,34.802872765982016
2026-07-29,2026-08-31,33.876007798942574,32.90892611902777,34.84308947885738
2026-07-29,2026-09-01,33.89409416744686,32.9053014615212,34.88288687337252
2026-07-29,2026-09-02,33.9121804586954,32.90206892475801,34.92229199263279
2026-07-29,2026-09-03,33.93026667268853,32.899204171102205,34.96132917427486
2026-07-29,2026-09-04,33.94835280942658,32.89668520590835,35.000020412944814
2026-07-29,2026-09-07,33.96643886890988,32.89449207509232,35.03838566272743
2026-07-29,2026-09-08,33.984524851138744,32.89260661103077,35.07644309124672
2026-07-29,2026-09-09,34.00261075611352,32.89101221767937,35.11420929454767
2026-07-29,2026-09-10,34.020696583834535,32.88969368776143,35.15169947990764
2026-07-29,2026-09-11,34.03878233430212,32.88863704636876,35.18892762223548
2026-07-29,2026-09-14,34.0568680075166,32.88782941645906,35.225906598574134
2026-07-29,2026-09-15,34.074953603478306,32.887258902619095,35.26264830433752
2026-07-29,2026-09-16,34.09303912218757,32.88691449015292,35.29916375422222
2026-07-29,2026-09-17,34.11112456364472,32.886785957098226,35.33546317019122
2026-07-29,2026-09-18,34.12920992785009,32.88686379720427,35.37155605849591
2026-07-29,2026-09-21,34.147295214804004,32.887139152248714,35.40745127735929
2026-07-29,2026-09-22,34.16538042450679,32.887603752347104,35.44315709666648
2026-07-29,2026-09-23,34.183465556958794,32.88824986313212,35.47868125078547
2026-07-29,2026-09-24,34.20155061216033,32.88907023886128,35.514030985459385
2026-07-29,2026-09-25,34.219635590111736,32.89005808066061,35.54921309956286
2026-07-29,2026-09-28,34.23772049081334,32.89120699923382,35.58423398239285
2026-07-29,2026-09-29,34.255805314265466,32.89251098146762,35.61909964706331
2026-07-29,2026-09-30,34.273890060468446,32.89396436044741,35.65381576048948
2026-07-29,2026-10-01,34.29197472942261,32.89556178846783,35.688387670377395
2026-07-29,2026-10-02,34.3100593211283,32.89729821268087,35.72282042957573
2026-07-29,2026-10-05,34.328143835585834,32.89916885307365,35.75711881809802
2026-07-29,2026-10-06,34.34622827279554,32.90116918250947,35.791287363081615
2026-07-29,2026-10-07,34.36431263275776,32.90329490860124,35.82533035691428
2026-07-29,2026-10-08,34.38239691547281,32.905541957215725,35.859251873729896
2026-07-29,2026-10-09,34.40048112094103,32.90790645743342,35.89305578444864
2026-07-29,2026-10-12,34.41856524916275,32.910384727810126,35.92674577051537
2026-07-29,2026-10-13,34.43664930013829,32.91297326380538,35.96032533647121
2026-07-29,2026-10-14,34.454733273867994,32.915668726259106,35.99379782147688
2026-07-29,2026-10-15,34.47281717035218,32.918467930811765,36.027166409892594
2026-07-29,2026-10-16,34.49090098959118,32.92136783817541,36.06043414100696
2026-07-29,2026-10-19,34.50898473158533,32.9243655451736,36.09360391799706
2026-07-29,2026-10-20,34.527068396334954,32.92745827647747,36.12667851619244
2026-07-29,2026-10-21,34.545151983840384,32.93064337697286,36.15966059070791
2026-07-29,2026-10-22,34.56323549410195,32.93391830470091,36.192552683503
2026-07-29,2026-10-23,34.58131892711999,32.93728062432032,36.22535722991966
2026-07-29,2026-10-26,34.599402282894815,32.940728001045,36.25807656474463
2026-07-29,2026-10-27,34.61748556142677,32.9442581950158,36.29071292783774
2026-07-30,2026-07-31,33.52664406319017,33.32912614352064,33.7241619828597
2026-07-30,2026-08-03,33.54488762226561,33.26525124585673,33.82452399867449
2026-07-30,2026-08-04,33.56313067724026,33.2202755244439,33.90598583003662
2026-07-30,2026-08-05,33.58137322812804,33.185048967603144,33.97769748865293
2026-07-30,2026-08-06,33.59961527494288,33.1560316564775,34.04319889340825
2026-07-30,2026-08-07,33.61785681769871,33.131410202361046,34.10430343303637
2026-07-30,2026-08-10,33.63609785640946,33.11010859703146,34.16208711578745
2026-07-30,2026-08-11,33.65433839108905,33.09142655671823,34.217250225459864
2026-07-30,2026-08-12,33.67257842175141,33.07487821351604,34.270278629986784
2026-07-30,2026-08-13,33.69081794841048,33.06011021071458,34.32152568610637
2026-07-30,2026-08-14,33.709056971080166,33.046856095124205,34.37125784703613
2026-07-30,2026-08-17,33.727295489774406,33.03490909436862,34.41968188518019
2026-07-30,2026-08-18,33.74553350450712,33.02410496051053,34.46696204850372
2026-07-30,2026-08-19,33.76377101529224,33.014310673992746,34.51323135659174
2026-07-30,2026-08-20,33.78200802214369,33.00541673310632,34.55859931118107
2026-07-30,2026-08-21,33.80024452507539,32.997331729332096,34.60315732081869
2026-07-30,2026-08-24,33.81848052410127,32.989978431382355,34.64698261682018
2026-07-30,2026-08-25,33.83671601923525,32.983290894932296,34.6901411435382
2026-07-30,2026-08-26,33.85495101049125,32.97721228776015,34.732689733222344
2026-07-30,2026-08-27,33.8731854978832,32.97169322517291,34.774677770593485
2026-07-30,2026-08-28,33.89141948142502,32.96669047666151,34.816148486188524
2026-07-30,2026-08-31,33.90965296113063,32.962165947399484,34.85713997486178
2026-07-30,2026-09-01,33.927885937013954,32.9580858664407,34.89768600758721
2026-07-30,2026-09-02,33.94611840908891,32.95442013257709,34.93781668560073
2026-07-30,2026-09-03,33.96435037736943,32.95114178199664,34.977558972742216
2026-07-30,2026-09-04,33.98258184186942,32.94822655113744,35.0169371326014
2026-07-30,2026-09-07,34.00081280260281,32.94565251473743,35.055973090468186
2026-07-30,2026-09-08,34.01904325958351,32.943399783861864,35.09468673530516
2026-07-30,2026-09-09,34.037273212825454,32.94145025220007,35.13309617345084
2026-07-30,2026-09-10,34.055502662342555,32.939787381531204,35.171217943153906
2026-07-30,2026-09-11,34.07373160814873,32.93839601921833,35.20906719707912
2026-07-30,2026-09-14,34.09196005025789,32.9372622420789,35.24665785843688
2026-07-30,2026-09-15,34.11018798868397,32.93637322212126,35.284002755246675
2026-07-30,2026-09-16,34.12841542344087,32.935717110520514,35.32111373636123
2026-07-30,2026-09-17,34.14664235454252,32.935282936897,35.35800177218805
2026-07-30,2026-09-18,34.164868782002834,32.93506052150295,35.39467704250272
2026-07-30,2026-09-21,34.18309470583573,32.93504039835374,35.431149013317714
2026-07-30,2026-09-22,34.20132012605512,32.935213747682994,35.46742650442724
2026-07-30,2026-09-23,34.21954504267492,32.93557233637717,35.50351774897266
2026-07-30,2026-09-24,34.23776945570904,32.93610846526831,35.53943044614977
2026-07-30,2026-09-25,34.255993365171406,32.936814922344965,35.57517180799785
2026-07-30,2026-09-28,34.27421677107593,32.93768494109,35.61074860106186
2026-07-30,2026-09-29,34.29243967343652,32.93871216327578,35.64616718359726
2026-07-30,2026-09-30,34.31066207226709,32.93989060564826,35.681433538885926
2026-07-30,2026-10-01,34.32888396758156,32.941214630015004,35.71655330514812
2026-07-30,2026-10-02,34.347105359393844,32.94267891632225,35.75153180246544
2026-07-30,2026-10-05,34.365326247717846,32.94427843836426,35.786374057071434
2026-07-30,2026-10-06,34.38354663256749,32.94600844181765,35.82108482331732
2026-07-30,2026-10-07,34.40176651395667,32.94786442433487,35.85566860357848
2026-07-30,2026-10-08,34.41998589189932,32.949842117465884,35.89012966633275
2026-07-30,2026-10-09,34.43820476640933,32.95193747020753,35.92447206261112
2026-07-30,2026-10-12,34.45642313750062,32.95414663400508,35.958699640996166
2026-07-30,2026-10-13,34.4746410051871,32.95646594905265,35.992816061321555
2026-07-30,2026-10-14,34.49285836948269,32.95889193175791,36.02682480720747
2026-07-30,2026-10-15,34.51107523040128,32.96142126325248,36.06072919755008
2026-07-30,2026-10-16,34.5292915879568,32.96405077884363,36.09453239706997
2026-07-30,2026-10-19,34.54750744216314,32.966777458314866,36.12823742601141
2026-07-30,2026-10-20,34.56572279303421,32.96959841699354,36.16184716907488
2026-07-30,2026-10-21,34.58393764058393,32.972510897512805,36.19536438365506
2026-07-30,2026-10-22,34.60215198482621,32.97551226220308,36.22879170744933
2026-07-30,2026-10-23,34.62036582577494,32.97859998605557,36.26213166549431
2026-07-30,2026-10-26,34.638579163444035,32.981771650205964,36.29538667668211
2026-07-30,2026-10-27,34.65679199784741,32.98502493589248,36.32855905980234
2026-07-30,2026-10-28,34.67500432899896,32.988357618846464,36.361651039151454
2026-07-31,2026-08-03,33.652267714183814,33.454656294509455,33.849879133858174
2026-07-31,2026-08-04,33.67063463534805,33.39084704479683,33.950422225899274
2026-07-31,2026-08-05,33.68900076352694,33.34593711810685,34.03206440894703
2026-07-31,2026-08-06,33.70736609875472,33.310774145995204,34.10395805151423
2026-07-31,2026-08-07,33.725730641065624,33.281817553609464,34.169643728521784
2026-07-31,2026-08-10,33.744094390493885,33.25725374071117,34.2309350402766
2026-07-31,2026-08-11,33.76245734707374,33.23600664570314,34.28890804844434
2026-07-31,2026-08-12,33.78081951083942,33.217375996324506,34.34426302535434
2026-07-31,2026-08-13,33.79918088182515,33.20087596438213,34.397485799268175
2026-07-31,2026-08-14,33.817541460065165,33.18615324490758,34.44892967522275
2026-07-31,2026-08-17,33.83590124559368,33.1729414408269,34.49886105036047
2026-07-31,2026-08-18,33.85426023844494,33.161033836482844,34.54748664040703
2026-07-31,2026-08-19,33.87261843865315,33.150266239384926,34.59497063792137
2026-07-31,2026-08-20,33.89097584625254,33.14050568324384,34.64144600926124
2026-07-31,2026-08-21,33.90933246127732,33.13164271704374,34.68702220551091
2026-07-31,2026-08-24,33.927688283761725,33.123585980261964,34.731790587261486
2026-07-31,2026-08-25,33.94604331373996,33.1162582869352,34.77582834054473
2026-07-31,2026-08-26,33.96439755124625,33.109593735492176,34.819201367000325
2026-07-31,2026-08-27,33.982750996314806,33.10353553403217,34.86196645859744
2026-07-31,2026-08-28,34.00110364897984,33.09803433590421,34.90417296205548
2026-07-31,2026-08-31,34.019455509275566,33.09304694651842,34.94586407203271
2026-07-31,2026-09-01,34.0378065772362,33.08853530499665,34.987077849475746
2026-07-31,2026-09-02,34.05615685289593,33.084465672514426,35.02784803327744
2026-07-31,2026-09-03,34.074506336288984,33.08080797829343,35.06820469428454
2026-07-31,2026-09-04,34.09285502744956,33.07753528738422,35.108174767514896
2026-07-31,2026-09-07,34.11120292641186,33.07462336363513,35.14778248918859
2026-07-31,2026-09-08,34.1295500332101,33.07205030784727,35.18704975857293
2026-07-31,2026-09-09,34.14789634787847,33.0697962558983,35.22599643985865
2026-07-31,2026-09-10,34.166241870451174,33.067843125127325,35.26464061577502
2026-07-31,2026-09-11,34.184586600962405,33.06617439988115,35.30299880204366
2026-07-31,2026-09-14,34.20293053944636,33.06477494908197,35.341086129810755
2026-07-31,2026-09-15,34.22127368593724,33.06363087016522,35.37891650170926
2026-07-31,2026-09-16,34.23961604046924,33.062729354877696,35.41650272606078
2026-07-31,2026-09-17,34.25795760307654,33.062058573310054,35.45385663284303
2026-07-31,2026-09-18,34.276298373793345,33.061607573227064,35.490989174359626
2026-07-31,2026-09-21,34.29463835265384,33.06136619230206,35.52791051300562
2026-07-31,2026-09-22,34.31297753969222,33.061324981291975,35.564630098092465
2026-07-31,2026-09-23,34.33131593494266,33.06147513653291,35.601156733352404
2026-07-31,2026-09-24,34.34965353843935,33.06180844041207,35.637498636466624
2026-07-31,2026-09-25,34.36799035021647,33.06231720869488,35.67366349173807
2026-07-31,2026-09-28,34.38632637030821,33.06299424376788,35.70965849684854
2026-07-31,2026-09-29,34.404661598748746,33.06383279300604,35.74549040449145
2026-07-31,2026-09-30,34.42299603557226,33.06482651159538,35.781165559549144
2026-07-31,2026-10-01,34.44132968081293,33.06596942924243,35.816689932383426
2026-07-31,2026-10-02,34.45966253450492,33.06725592028605,35.85206914872379
2026-07-31,2026-10-05,34.47799459668242,33.068680676796454,35.88730851656839
2026-07-31,2026-10-06,34.4963258673796,33.07023868430513,35.922413050454075
2026-07-31,2026-10-07,34.51465634663063,33.0719251998584,35.95738749340286
2026-07-31,2026-10-08,34.53298603446968,33.07373573212875,35.992236336810606
2026-07-31,2026-10-09,34.55131493093092,33.0756660233534,36.02696383850844
2026-07-31,2026-10-12,34.56964303604852,33.07771203289926,36.06157403919778
2026-07-31,2026-10-13,34.58797034985664,33.079869922279265,36.096070777434015
2026-07-31,2026-10-14,34.60629687238945,33.08213604146666,36.13045770331224
2026-07-31,2026-10-15,34.624622603681104,33.08450691637262,36.16473829098959
2026-07-31,2026-10-16,34.64294754376577,33.086979237368894,36.19891585016265
2026-07-31,2026-10-19,34.661271692677616,33.08954984875105,36.23299353660418
2026-07-31,2026-10-20,34.679595050450786,33.0922157390498,36.26697436185177
2026-07-31,2026-10-21,34.697917617119444,33.09497403210891,36.30086120212998
2026-07-31,2026-10-22,34.716239392717746,33.097821978856715,36.33465680657878
2026-07-31,2026-10-23,34.73456037727985,33.1007569497068,36.3683638048529
2026-07-31,2026-10-26,34.7528805708399,33.103776427530015,36.40198471414978
2026-07-31,2026-10-27,34.771199973432054,33.10687800114642,36.43552194571769
2026-07-31,2026-10-28,34.789518585090455,33.11005935929094,36.46897781088997
2026-07-31,2026-10-29,34.80783640584926,33.11331828501142,36.5023545266871
2026-08-01,2026-08-03,33.652267714183814,33.454656294509455,33.849879133858174
2026-08-01,2026-08-04,33.67063463534805,33.39084704479683,33.950422225899274
2026-08-01,2026-08-05,33.68900076352694,33.34593711810685,34.03206440894703
2026-08-01,2026-08-06,33.70736609875472,33.310774145995204,34.10395805151423
2026-08-01,2026-08-07,33.725730641065624,33.281817553609464,34.169643728521784
2026-08-01,2026-08-10,33.744094390493885,33.25725374071117,34.2309350402766
2026-08-01,2026-08-11,33.76245734707374,33.23600664570314,34.28890804844434
2026-08-01,2026-08-12,33.78081951083942,33.217375996324506,34.34426302535434
2026-08-01,2026-08-13,33.79918088182515,33.20087596438213,34.397485799268175
2026-08-01,2026-08-14,33.817541460065165,33.18615324490758,34.44892967522275
2026-08-01,2026-08-17,33.83590124559368,33.1729414408269,34.49886105036047
2026-08-01,2026-08-18,33.85426023844494,33.161033836482844,34.54748664040703
2026-08-01,2026-08-19,33.87261843865315,33.150266239384926,34.59497063792137
2026-08-01,2026-08-20,33.89097584625254,33.14050568324384,34.64144600926124
2026-08-01,2026-08-21,33.90933246127732,33.13164271704374,34.68702220551091
2026-08-01,2026-08-24,33.927688283761725,33.123585980261964,34.731790587261486
2026-08-01,2026-08-25,33.94604331373996,33.1162582869352,34.77582834054473
2026-08-01,2026-08-26,33.96439755124625,33.109593735492176,34.819201367000325
2026-08-01,2026-08-27,33.982750996314806,33.10353553403217,34.86196645859744
2026-08-01,2026-08-28,34.00110364897984,33.09803433590421,34.904172962055476
2026-08-01,2026-08-31,34.019455509275566,33.09304694651842,34.94586407203271
2026-08-01,2026-09-01,34.037806577236196,33.08853530499665,34.987077849475746
2026-08-01,2026-09-02,34.05615685289593,33.084465672514426,35.02784803327744
2026-08-01,2026-09-03,34.074506336288984,33.08080797829343,35.06820469428454
2026-08-01,2026-09-04,34.09285502744956,33.07753528738422,35.108174767514896
2026-08-01,2026-09-07,34.11120292641186,33.07462336363513,35.14778248918859
2026-08-01,2026-09-08,34.1295500332101,33.07205030784727,35.18704975857293
2026-08-01,2026-09-09,34.14789634787847,33.0697962558983,35.22599643985865
2026-08-01,2026-09-10,34.166241870451174,33.067843125127325,35.26464061577502
2026-08-01,2026-09-11,34.184586600962405,33.06617439988115,35.30299880204366
2026-08-01,2026-09-14,34.20293053944636,33.06477494908197,35.341086129810755
2026-08-01,2026-09-15,34.22127368593724,33.06363087016522,35.37891650170926
2026-08-01,2026-09-16,34.23961604046924,33.062729354877696,35.41650272606078
2026-08-01,2026-09-17,34.25795760307654,33.062058573310054,35.45385663284303
2026-08-01,2026-09-18,34.276298373793345,33.061607573227064,35.490989174359626
2026-08-01,2026-09-21,34.29463835265384,33.06136619230206,35.52791051300562
2026-08-01,2026-09-22,34.31297753969222,33.061324981291975,35.564630098092465
2026-08-01,2026-09-23,34.33131593494266,33.06147513653291,35.601156733352404
2026-08-01,2026-09-24,34.34965353843935,33.06180844041207,35.637498636466624
2026-08-01,2026-09-25,34.36799035021647,33.06231720869488,35.67366349173807
2026-08-01,2026-09-28,34.38632637030821,33.06299424376788,35.70965849684854
2026-08-01,2026-09-29,34.404661598748746,33.06383279300604,35.74549040449145
2026-08-01,2026-09-30,34.42299603557226,33.06482651159538,35.781165559549144
2026-08-01,2026-10-01,34.44132968081293,33.06596942924243,35.816689932383426
2026-08-01,2026-10-02,34.45966253450492,33.06725592028605,35.85206914872379
2026-08-01,2026-10-05,34.47799459668242,33.068680676796454,35.88730851656839
2026-08-01,2026-10-06,34.4963258673796,33.07023868430513,35.922413050454075
2026-08-01,2026-10-07,34.51465634663063,33.0719251998584,35.95738749340286
2026-08-01,2026-10-08,34.53298603446968,33.07373573212875,35.992236336810606
2026-08-01,2026-10-09,34.55131493093092,33.0756660233534,36.02696383850844
2026-08-01,2026-10-12,34.56964303604852,33.07771203289926,36.06157403919778
2026-08-01,2026-10-13,34.58797034985664,33.079869922279265,36.096070777434015
2026-08-01,2026-10-14,34.60629687238945,33.08213604146666,36.13045770331224
2026-08-01,2026-10-15,34.624622603681104,33.08450691637262,36.16473829098959
2026-08-01,2026-10-16,34.64294754376577,33.086979237368894,36.19891585016265
2026-08-01,2026-10-19,34.661271692677616,33.08954984875105,36.232993536604184
2026-08-01,2026-10-20,34.679595050450786,33.0922157390498,36.26697436185177
2026-08-01,2026-10-21,34.697917617119444,33.09497403210891,36.30086120212998
2026-08-01,2026-10-22,34.716239392717746,33.097821978856715,36.33465680657878
2026-08-01,2026-10-23,34.73456037727985,33.1007569497068,36.3683638048529
2026-08-01,2026-10-26,34.7528805708399,33.103776427530015,36.40198471414978
2026-08-01,2026-10-27,34.771199973432054,33.10687800114642,36.43552194571769
2026-08-01,2026-10-28,34.789518585090455,33.11005935929094,36.46897781088997
2026-08-01,2026-10-29,34.80783640584926,33.11331828501142,36.5023545266871
